"date","net_return","cum_net_return","freq"
2001-11-01,-0.00747857142857143,-0.00747857142857145,1
2001-12-01,0.00433571428571429,-0.00317528209183671,1
2002-01-01,0.028553488372093,0.0252875408999689,1
2002-02-01,-0.0166103448275862,0.00825716129819254,1
2002-03-01,-0.0290767123287671,-0.0210596421342943,1
2002-04-01,-0.0436477272727273,-0.0637881638906826,1
2002-05-01,-0.000206896551724142,-0.063981862891257,1
2002-06-01,-0.0276674157303371,-0.0898790658217802,1
2002-07-01,-0.0154247191011236,-0.103917425579531,1
2002-08-01,-0.00420444444444444,-0.107684954981317,1
2002-09-01,0.00885777777777778,-0.0997810266047737,1
2002-10-01,0.000452222222222227,-0.0993739275801383,1
2002-11-01,0.00926888888888886,-0.0910261245844423,1
2002-12-01,0.000691111111111127,-0.0903979226394328,1
2003-01-01,-0.0149714285714286,-0.10401596516906,1
2003-02-01,0.0072494623655914,-0.0975205626283818,1
2003-03-01,0.0300315789473684,-0.0704176801565795,1
2003-04-01,0.0477041237113402,-0.0260727701708943,1
2003-05-01,-0.00641010101010101,-0.0323157420905866,1
2003-06-01,-0.00775049504950495,-0.0398157741409975,1
2003-07-01,0.0229274509803922,-0.0178011973704695,1
2003-08-01,-0.0271754901960784,-0.0444929313019283,1
2003-09-01,0.0112539215686274,-0.0337397296925311,1
2003-10-01,0.0597137254901961,0.0239592708406917,1
2003-11-01,-0.0123088235294118,0.0113555368746086,1
2003-12-01,0.0560196078431372,0.0680112774403097,1
2004-01-01,-0.0173803921568627,0.0494488226104453,1
2004-02-01,-0.045628431372549,0.00156411902896214,1
2004-03-01,-0.00649805825242718,-0.00494410296002901,1
2004-04-01,0.00661333333333333,0.00163653337239533,1
2004-05-01,0.00957289719626169,0.0112250969343892,1
2004-06-01,0.0300651376146789,0.0416277186331386,1
2004-07-01,0.00826756756756757,0.0502394461771893,1
2004-08-01,-0.0237796460176991,0.0252651239132715,1
2004-09-01,0.0294289473684211,0.0554375972835928,1
2004-10-01,0.0638631578947369,0.122841175206956,1
2004-11-01,-0.0260622807017544,0.093577373315225,1
2004-12-01,0.0154043859649123,0.110423261256268,1
2005-01-01,0.0289570175438596,0.142577807113575,1
2005-02-01,-0.0300070175438596,0.108292454810293,1
2005-03-01,0.0841434782608696,0.201548036888309,1
2005-04-01,0.0702008547008547,0.285897736042003,1
2005-05-01,-0.0941088495575221,0.164883379454468,1
2005-06-01,0.0163678260869565,0.183949988020965,1
2005-07-01,0.0163033613445378,0.203252352489532,1
2005-08-01,-0.0743487603305785,0.113792031717082,1
2005-09-01,-0.00764227642276424,0.105280125133228,1
2005-10-01,-0.00566774193548387,0.0990156826175537,1
2005-11-01,-0.0630793388429753,0.0296904999799772,1
2005-12-01,0.0138230158730159,0.0439239281054942,1
2006-01-01,-0.0108898305084746,0.0325557734646844,1
2006-02-01,-0.0471245614035088,-0.0161029644844995,1
2006-03-01,0.0260521367521368,0.00952965563477215,1
2006-04-01,0.075905737704918,0.0861587488807214,1
2006-05-01,-0.000652892561983478,0.0854496039124439,1
2006-06-01,-0.053398347107438,0.0274883891950961,1
2006-07-01,-0.0102008196721311,0.0170071654217083,1
2006-08-01,-0.00714180327868852,0.00974390031324979,1
2006-09-01,-0.013301652892562,-0.00368736255909885,1
2006-10-01,-0.00731176470588236,-0.0109721661375638,1
2006-11-01,0.0540568965517241,0.0424916091643137,1
2006-12-01,0.0547371681415929,0.0995546476613405,1
2007-01-01,-0.0220573913043478,0.0753013405373599,1
2007-02-01,-0.0780401785714286,-0.00861536809627217,1
2007-03-01,-0.0443151785714285,-0.0525487550920558,1
2007-04-01,-0.0409730434782609,-0.0913687161432014,1
2007-05-01,-0.0108182608695652,-0.101198526406212,1
2007-06-01,0.051985593220339,-0.0544737986141244,1
2007-07-01,-0.0157308333333333,-0.0693477137004254,1
2007-08-01,0.0381396694214876,-0.0338529431546079,1
2007-09-01,0.0504737704918033,0.0149121416539377,1
2007-10-01,0.0205245901639344,0.0357427974137856,1
2007-11-01,-0.0447411290322581,-0.0105975047295365,1
2007-12-01,-0.0222352,-0.0325970670923743,1
2008-01-01,-0.0239016129032258,-0.0557195575161777,1
2008-02-01,-0.0463087301587302,-0.0994479857213274,1
2008-03-01,-0.00645538461538464,-0.105261395339656,1
2008-04-01,0.00639166666666667,-0.0995425244248683,1
2008-05-01,0.0110679389312977,-0.0895763160749722,1
2008-06-01,0.00398235294117648,-0.0859506876395767,1
2008-07-01,-0.00358045112781955,-0.0892233965309003,1
2008-08-01,-0.0118753731343283,-0.100039208539112,1
2008-09-01,-0.0234540740740741,-0.121146955605798,1
2008-10-01,0.00348602941176469,-0.118083248044421,1
2008-11-01,-0.0575576923076923,-0.16884434109448,1
2008-12-01,0.062187591240876,-0.117156772720922,1
2009-01-01,-0.0626194244604317,-0.172439907501928,1
2009-02-01,-0.0284643356643356,-0.195995855757202,1
2009-03-01,-0.104808219178082,-0.280262098327087,1
2009-04-01,-0.0248824324324324,-0.298170928034524,1
2009-05-01,-0.00905436241610738,-0.30452554280626,1
2009-06-01,-0.0414526666666667,-0.333354813655493,1
2009-07-01,-0.0299952380952381,-0.353350994744941,1
2009-08-01,-0.011422972972973,-0.360737648854969,1
2009-09-01,0.0119268456375839,-0.353113265470944,1
2009-10-01,0.0202386666666667,-0.340021140479721,1
2009-11-01,-0.00782133333333333,-0.345183055132983,1
2009-12-01,-0.0269353333333334,-0.362820767815291,1
2010-01-01,-0.03371,-0.384300079732237,1
2010-02-01,-0.012232,-0.391831321156953,1
2010-03-01,-0.00295133333333333,-0.393626229651111,1
2010-04-01,0.0210598684210526,-0.380856077833586,1
2010-05-01,0.0114155844155844,-0.3737881881247,1
2010-06-01,0.0156217948717949,-0.364005635653288,1
2010-07-01,-0.0148664556962025,-0.373460617693883,1
2010-08-01,0.053834375,-0.339731261634547,1
2010-09-01,0.0047042944785276,-0.33662516305431,1
2010-10-01,-0.0534242424242424,-0.372065461161439,1
2010-11-01,0.0891,-0.316116493750923,1
2010-12-01,-0.0113829411764706,-0.323901099474115,1
2011-01-01,-0.0553308139534884,-0.361310201953271,1
2011-02-01,0.0104194285714286,-0.354655419223223,1
2011-03-01,0.00392457142857143,-0.352122718319923,1
2011-04-01,-0.0197204545454545,-0.364899152804327,1
2011-05-01,-0.00183687150837987,-0.366065751455489,1
2011-06-01,0.0191519337016575,-0.353924684756154,1
2011-07-01,-0.0249218579234973,-0.37002608197054,1
2011-08-01,-0.0299695652173913,-0.38890612639218,1
2011-09-01,-0.0190215053763441,-0.400530051794462,1
2011-10-01,-0.0301532258064516,-0.418606004506885,1
2011-11-01,-0.00954623655913978,-0.424156129121926,1
2011-12-01,0.011504347826087,-0.417531420937824,1
2012-01-01,-0.0289451086956522,-0.434391037270581,1
2012-02-01,-0.0149972375690608,-0.442873609255824,1
2012-03-01,0.0109892473118279,-0.43675120956399,1
2012-04-01,-0.0167761904761905,-0.446200378557829,1
2012-05-01,-0.0149746113989637,-0.454493312681818,1
2012-06-01,0.0307964102564102,-0.437693664941552,1
2012-07-01,0.0221954314720812,-0.425213033215445,1
2012-08-01,-0.0121424242424242,-0.43219234041516,1
2012-09-01,0.0107723618090452,-0.426075710868165,1
2012-10-01,-0.00277777777777778,-0.427669945004642,1
2012-11-01,0.00848258706467659,-0.422815105483413,1
2012-12-01,-0.0274852216748768,-0.438679160256591,1
2013-01-01,-0.00720049019607843,-0.442720945460018,1
2013-02-01,0.00949082125603863,-0.437431909563645,1
2013-03-01,0.0438264423076923,-0.412776551603988,1
2013-04-01,0.0095511961722488,-0.407167865251413,1
2013-05-01,-0.0326344497607656,-0.426514615769433,1
2013-06-01,0.0238524038461538,-0.412835610784899,1
2013-07-01,0.0125191387559809,-0.405484818323744,1
2013-08-01,-0.014352380952381,-0.414017526693136,1
2013-09-01,0.0483766990291262,-0.385669628945627,1
2013-10-01,-0.00723864734299517,-0.390116549853781,1
2013-11-01,0.00743719806763283,-0.385580725836872,1
2013-12-01,0.0103114832535885,-0.379245151780657,1
2014-01-01,0.0788028571428571,-0.330327896155692,1
2014-02-01,-0.0227960591133005,-0.345593781021455,1
2014-03-01,-0.0308186602870814,-0.365761703973908,1
2014-04-01,-0.00692380952380952,-0.370153049128298,1
2014-05-01,0.0199816425120773,-0.357567672518658,1
2014-06-01,0.0200753623188406,-0.344670610779134,1
2014-07-01,-0.0541354679802956,-0.380147173945847,1
2014-08-01,0.019030198019802,-0.368351251922903,1
2014-09-01,0.00470917874396135,-0.365376705064808,1
2014-10-01,-0.0188864734299517,-0.37736250106263,1
2014-11-01,-0.00851138613861385,-0.382662009240467,1
2014-12-01,-0.0706338308457712,-0.426266956454444,1
2015-01-01,0.00272000000000001,-0.424706402576,1
2015-02-01,0.0191502415458937,-0.413689391225524,1
2015-03-01,0.0173529126213592,-0.403515194462485,1
2015-04-01,0.0863047846889952,-0.352035701750313,1
2015-05-01,-0.140207511737089,-0.44288516370237,1
2015-06-01,-0.00213942307692307,-0.444077068039642,1
2015-07-01,-0.0394475247524752,-0.466006851658617,1
2015-08-01,-0.0478811594202898,-0.491575062723693,1
2015-09-01,-0.00669853658536585,-0.49498076576695,1
2015-10-01,0.0306692307692308,-0.479492214329357,1
2015-11-01,-0.0289464114832536,-0.494559046873617,1
2015-12-01,-0.0343889400921659,-0.511940625530807,1
2016-01-01,-0.0131140271493212,-0.518341049418077,1
2016-02-01,-0.0212308035714286,-0.528567055986302,1
2016-03-01,-0.0288115555555556,-0.542149772443472,1
2016-04-01,0.0103743243243243,-0.537399885690835,1
2016-05-01,-0.01,-0.542025886833926,1
2016-06-01,0.0204116071428572,-0.532677899154382,1
2016-07-01,-0.0329925438596491,-0.548096044063114,1
2016-08-01,-0.0249934782608696,-0.559390695761824,1
2016-09-01,-0.0192850877192982,-0.567887884843996,1
2016-10-01,0.00148086956521741,-0.5672479831639,1
2016-11-01,-0.0586874458874459,-0.592645093734652,1
2016-12-01,-0.0265865800865801,-0.603475267573737,1
2017-01-01,-0.00205,-0.60428814327521,1
2017-02-01,0.0114445887445887,-0.599759383813638,1
2017-03-01,-0.00434042553191489,-0.601496598403042,1
2017-04-01,-0.00442489082969433,-0.603259932450371,1
2017-05-01,-0.0051691304347826,-0.605310733608239,1
2017-06-01,0.0117537444933921,-0.600671656816786,1
2017-07-01,0.00966363636363636,-0.59681269291857,1
2017-08-01,-0.03765,-0.611992695030186,1
2017-09-01,-0.031428085106383,-0.624187021632675,1
2017-10-01,0.03358,-0.611567221819101,1
2017-11-01,-0.0552489451476793,-0.633027723074378,1
2017-12-01,0.015,-0.627523138920494,1
2018-01-01,0.0156927966101695,-0.621677935297579,1
2018-02-01,0.0149633333333334,-0.616016976136081,1
2018-03-01,-0.0276628099173554,-0.62663902553672,1
2018-04-01,-0.00459588477366255,-0.628354949554336,1
2018-05-01,-0.00243430962343096,-0.629259648677136,1
2018-06-01,-0.00166528925619836,-0.629877038601033,1
2018-07-01,-0.00129590163934425,-0.630356681553469,1
2018-08-01,-0.0174069105691057,-0.636791029740135,1
2018-09-01,-0.0209972,-0.644417401130476,1
2018-10-01,-0.0541007936507936,-0.663654701937729,1
2018-11-01,-0.0268413385826772,-0.67268265996371,1
2018-12-01,-0.001854296875,-0.673289603484472,1
2019-01-01,-0.0156633204633205,-0.678406973123794,1
2019-02-01,-0.0695605363984675,-0.700777156575309,1
2019-03-01,0.0102536121673004,-0.697709041587236,1
2019-04-01,0.0153132075471698,-0.693079997401428,1
2019-05-01,-0.00651423220973783,-0.695079345568169,1
2019-06-01,0.0220602230483271,-0.68835272791936,1
2019-07-01,0.00158074074074076,-0.687860094379642,1
2019-08-01,0.00779481481481483,-0.685427021619017,1
2019-09-01,-0.00395592592592592,-0.68667144901979,1
2019-10-01,0.0242833333333333,-0.679062787373488,1
2019-11-01,-0.0144855555555556,-0.683711741196834,1
2019-12-01,-0.0251751851851852,-0.691674356684104,1
2020-01-01,0.0416711111111111,-0.678826084543082,1
2020-02-01,0.0367660516605166,-0.667017787775383,1
2020-03-01,-0.0322725274725274,-0.677763965367265,1
2020-04-01,0.0813705454545455,-0.651543443464089,1
2020-05-01,-0.0149375451263538,-0.656748529001918,1
2020-06-01,0.071268817204301,-0.632285402660248,1
2020-07-01,-0.00759964412811386,-0.635079902740743,1
2020-08-01,-0.050049645390071,-0.653344024204279,1
2020-09-01,0.00459078014184397,-0.651752602834545,1
2020-10-01,-0.0135883392226148,-0.656484706600622,1
2020-11-01,-0.0734792253521127,-0.681725944256212,1
2020-12-01,0.093036013986014,-0.652114994754647,1
2021-01-01,0.0355284722222223,-0.63975517200926,1
2021-02-01,-0.0483641379310345,-0.657178102559146,1
2021-03-01,-0.0114767123287671,-0.661112570856077,1
2021-04-01,0.0742894197952219,-0.63593682036908,1
2021-05-01,0.0072700680272109,-0.633290056286961,1
2021-06-01,0.0213316326530613,-0.625467534477449,1
2021-07-01,0.0242494915254237,-0.616385312628764,1
2021-08-01,0.0513118243243243,-0.596701343182141,1
2021-09-01,-0.0730734899328859,-0.626171783521067,1
2021-10-01,-0.00049166666666667,-0.626355582394169,1
2021-11-01,-0.0365966887417218,-0.640029730845372,1
2021-12-01,-0.0559233552631578,-0.66016047609148,1
2022-01-01,-0.020863606557377,-0.667250754210954,1
2022-02-01,0.0594447712418301,-0.647470551414133,1
2022-03-01,-0.0136232026143791,-0.652273131519754,1
2022-04-01,-0.0152911764705882,-0.65759028442925,1
2022-05-01,0.00597679738562093,-0.655543770936416,1
2022-06-01,-0.0515732026143791,-0.673308481829697,1
2022-07-01,0.0301156351791531,-0.663469959252356,1
2022-08-01,0.0185185064935065,-0.657237925507511,1
2022-09-01,0.0309970967741935,-0.646613296313944,1
2022-10-01,-0.0515153846153846,-0.664818148272294,1
2022-11-01,-0.0245433121019108,-0.673044621070144,1
2022-12-01,-0.0416215189873417,-0.686653000582286,1
2023-01-01,-0.0312362776025236,-0.696440794442016,1
2023-02-01,-0.0122610062893082,-0.70016273577054,1
2023-03-01,-0.00931163522012578,-0.702954711000445,1
2023-04-01,0.0129235849056604,-0.699115820987233,1
2023-05-01,0.0114191823899371,-0.695679969668839,1
2023-06-01,-0.0219430817610063,-0.702357688975908,1
2023-07-01,-0.0380150943396226,-0.713672589508952,1
2023-08-01,0.0209465408805031,-0.707675020699893,1
2023-09-01,-0.010527358490566,-0.710752430552732,1
2023-10-01,-0.0562366771159874,-0.727018752722322,1
2023-11-01,0.0244540625,-0.720343252240066,1
2023-12-01,-0.00565576323987541,-0.72192492459383,1
2024-01-01,0.033645652173913,-0.712568907328479,1
2024-02-01,-0.00103734567901233,-0.712867072730476,1
2024-03-01,0.00495552147239265,-0.711444179343961,1
2024-04-01,0.0186390243902439,-0.706065780364806,1
2024-05-01,0.000839613526570051,-0.705818989218079,1
2024-06-01,0.041625,-0.693573704644281,1
2024-07-01,-0.0452925,-0.70745251762668,1
2024-08-01,0.0287585858585858,-0.699039265737134,1
2024-09-01,-0.115426262626263,-0.733778038490352,1
2024-10-01,-0.020130303030303,-0.739137167248863,1
2024-11-01,-0.0359212121212121,-0.748507676398657,1
2024-12-01,0.0408782828282828,-0.738227102065339,1
2001-11-01,-0.000811904761904762,-0.000811904761904736,3
2001-12-01,0.011002380952381,0.0101815433049888,3
2002-01-01,0.0352201550387597,0.0457602938774839,3
2002-02-01,-0.00994367816091954,0.0353615900816975,3
2002-03-01,-0.0224100456621005,0.0121590895711816,3
2002-04-01,-0.0369810606060606,-0.0252716270632253,3
2002-05-01,0.00645977011494252,-0.0189751058495418,3
2002-06-01,-0.0210007490636704,-0.0395773634768094,3
2002-07-01,-0.00875805243445693,-0.0479887952867188,3
2002-08-01,0.00246222222222222,-0.0456447321426693,3
2002-09-01,0.0155244444444444,-0.0308288968065552,3
2002-10-01,0.00711888888888889,-0.0239294754085992,3
2002-11-01,0.0159355555555555,-0.00837524933783274,3
2002-12-01,0.00735777777777779,-0.0010790947835162,3
2003-01-01,-0.00830476190476191,-0.00937489506302835,3
2003-02-01,0.0139161290322581,0.0044107717198687,3
2003-03-01,0.0366982456140351,0.0412708849178269,3
2003-04-01,0.0543707903780069,0.0978856059284159,3
2003-05-01,0.000256565656565656,0.0981672856697349,3
2003-06-01,-0.00108382838283829,0.0969770607964215,3
2003-07-01,0.0295941176470588,0.129441128989756,3
2003-08-01,-0.0205088235294118,0.106277620188445,3
2003-09-01,0.0179205882352941,0.126102765893763,3
2003-10-01,0.0663803921568627,0.200853909102719,3
2003-11-01,-0.0056421568627451,0.194078502978321,3
2003-12-01,0.0626862745098039,0.268930835802276,3
2004-01-01,-0.0107137254901961,0.255335859161445,3
2004-02-01,-0.0389617647058823,0.206425758789941,3
2004-03-01,0.000168608414239482,0.206629172324028,3
2004-04-01,0.01328,0.222653207732491,3
2004-05-01,0.0162395638629284,0.242508562581677,3
2004-06-01,0.0367318042813456,0.288148143920323,3
2004-07-01,0.0149342342342342,0.307385650030023,3
2004-08-01,-0.0171129793510325,0.285012386397223,3
2004-09-01,0.0360956140350877,0.331395697526924,3
2004-10-01,0.0705298245614036,0.425298802495306,3
2004-11-01,-0.0193956140350877,0.397654257037434,3
2004-12-01,0.0220710526315789,0.428501957705258,3
2005-01-01,0.0356236842105263,0.479390460340668,3
2005-02-01,-0.023340350877193,0.444860967911945,3
2005-03-01,0.0908101449275363,0.576069001808169,3
2005-04-01,0.0768675213675214,0.697217519481347,3
2005-05-01,-0.0874421828908555,0.548809114737295,3
2005-06-01,0.0230344927536232,0.584485147067457,3
2005-07-01,0.0229700280112045,0.620880815278934,3
2005-08-01,-0.0676820936639119,0.511176208121187,3
2005-09-01,-0.000975609756097568,0.509701889869361,3
2005-10-01,0.000998924731182795,0.511209968423865,3
2005-11-01,-0.0564126721763086,0.4259585758856,3
2005-12-01,0.0204896825396825,0.455176014420234,3
2006-01-01,-0.00422316384180791,0.449030567692668,3
2006-02-01,-0.0404578947368421,0.390405841514492,3
2006-03-01,0.0327188034188034,0.43589825691536,3
2006-04-01,0.0825724043715847,0.554463828421829,3
2006-05-01,0.00601377410468319,0.563812022739859,3
2006-06-01,-0.0467316804407713,0.490732459023744,3
2006-07-01,-0.00353415300546448,0.485463982423342,3
2006-08-01,-0.000475136612021856,0.484758184099453,3
2006-09-01,-0.00663498622589532,0.474906833999168,3
2006-10-01,-0.000645098039215689,0.473955374492529,3
2006-11-01,0.0607235632183908,0.563459196856613,3
2006-12-01,0.0614038348082596,0.659461587109851,3
2007-01-01,-0.0153907246376812,0.633921270775833,3
2007-02-01,-0.0713735119047619,0.517302571504671,3
2007-03-01,-0.0376485119047619,0.460178387578251,3
2007-04-01,-0.0343063768115942,0.410084957601846,3
2007-05-01,-0.00415159420289856,0.404230857066272,3
2007-06-01,0.0586522598870057,0.486592170236275,3
2007-07-01,-0.00906416666666666,0.473117451039892,3
2007-08-01,0.0448063360881543,0.53912244664851,3
2007-09-01,0.05714043715847,0.62706857609042,3
2007-10-01,0.0271912568306011,0.671310615623895,3
2007-11-01,-0.0380744623655914,0.60767636248811,3
2007-12-01,-0.0155685333333333,0.582647199449502,3
2008-01-01,-0.0172349462365591,0.555370360055549,3
2008-02-01,-0.0396420634920635,0.493712269488553,3
2008-03-01,0.00021128205128203,0.494027864080876,3
2008-04-01,0.0130583333333333,0.513537377939332,3
2008-05-01,0.0177346055979644,0.540379366394863,3
2008-06-01,0.0106490196078431,0.556782896471119,3
2008-07-01,0.00308621553884711,0.56158746403682,3
2008-08-01,-0.00520870646766167,0.553453613313071,3
2008-09-01,-0.0167874074074074,0.527375154617876,3
2008-10-01,0.0101526960784314,0.542882130360458,3
2008-11-01,-0.0508910256410256,0.464363276303204,3
2008-12-01,0.0688542579075427,0.565190923000119,3
2009-01-01,-0.055952757793765,0.477614174384493,3
2009-02-01,-0.021797668997669,0.445405629704996,3
2009-03-01,-0.0981415525114156,0.303551277197008,3
2009-04-01,-0.0182157657657658,0.279806092467922,3
2009-05-01,-0.00238769574944071,0.276750304900828,3
2009-06-01,-0.034786,0.232337268794548,3
2009-07-01,-0.0233285714285714,0.203588600795384,3
2009-08-01,-0.0047563063063063,0.197863964743223,3
2009-09-01,0.0185935123042505,0.220136463110494,3
2009-10-01,0.0269053333333333,0.252964641362636,3
2009-11-01,-0.00115466666666666,0.251517884856743,3
2009-12-01,-0.0202686666666667,0.22615128602121,3
2010-01-01,-0.0270433333333333,0.192992068076243,3
2010-02-01,-0.00556533333333334,0.186352669553376,3
2010-03-01,0.00371533333333333,0.190760365171656,3
2010-04-01,0.0277265350877193,0.223776024217654,3
2010-05-01,0.0180822510822511,0.245904649555996,3
2010-06-01,0.0222884615384615,0.273673947418216,3
2010-07-01,-0.00819978902953587,0.26323008975697,3
2010-08-01,0.0605010416666667,0.339656826051944,3
2010-09-01,0.0113709611451943,0.354890011768874,3
2010-10-01,-0.0467575757575757,0.291538639400409,3
2010-11-01,0.0957666666666667,0.415224989766988,3
2010-12-01,-0.00471627450980392,0.408550400222112,3
2011-01-01,-0.0486641472868217,0.340004496084792,3
2011-02-01,0.0170860952380952,0.362899940524372,3
2011-03-01,0.0105912380952381,0.377334738294451,3
2011-04-01,-0.0130537878787878,0.35935530278267,3
2011-05-01,0.00482979515828679,0.365920710442441,3
2011-06-01,0.0258186003683241,0.401186871400172,3
2011-07-01,-0.0182551912568306,0.375607937076202,3
2011-08-01,-0.0233028985507246,0.343552284872943,3
2011-09-01,-0.0123548387096774,0.32695291309532,3
2011-10-01,-0.0234865591397849,0.295787355026196,3
2011-11-01,-0.00287956989247312,0.292056044771616,3
2011-12-01,0.0181710144927536,0.31553401388661,3
2012-01-01,-0.0222784420289855,0.286225965621079,3
2012-02-01,-0.0083305709023941,0.275510969017972,3
2012-03-01,0.0176559139784946,0.29803128096558,3
2012-04-01,-0.0101095238095238,0.284908802825152,3
2012-05-01,-0.00830794473229707,0.274233851505238,3
2012-06-01,0.0374630769230769,0.321970572302168,3
2012-07-01,0.0288620981387479,0.36012541669649,3
2012-08-01,-0.00547575757575758,0.352677699642034,3
2012-09-01,0.0174390284757119,0.376267084564551,3
2012-10-01,0.00388888888888888,0.381619234337858,3
2012-11-01,0.0151492537313433,0.402549734678946,3
2012-12-01,-0.0208185550082102,0.373350675875782,3
2013-01-01,-0.000533823529411765,0.372617548970866,3
2013-02-01,0.0161574879227053,0.394795600440856,3
2013-03-01,0.050493108974359,0.465223166690873,3
2013-04-01,0.0162178628389155,0.488985955036667,3
2013-05-01,-0.0259677830940989,0.450320290726115,3
2013-06-01,0.0305190705128205,0.494582717944959,3
2013-07-01,0.0191858054226475,0.523257491159503,3
2013-08-01,-0.0076857142857143,0.511550169298877,3
2013-09-01,0.0550433656957929,0.594750978035133,3
2013-10-01,-0.000571980676328509,0.593838811292141,3
2013-11-01,0.0141038647342995,0.616318098294882,3
2013-12-01,0.0169781499202552,0.643760189286554,3
2014-01-01,0.0854695238095238,0.784251589921929,3
2014-02-01,-0.0161293924466338,0.755472695804547,3
2014-03-01,-0.0241519936204147,0.713074530454664,3
2014-04-01,-0.000257142857142854,0.712634025575404,3
2014-05-01,0.0266483091787439,0.758272826598974,3
2014-06-01,0.0267420289855072,0.805292609492314,3
2014-07-01,-0.0474688013136289,0.71959753329936,3
2014-08-01,0.0256968646864686,0.763785798427739,3
2014-09-01,0.011375845410628,0.783850353008115,3
2014-10-01,-0.012219806763285,0.762052046399738,3
2014-11-01,-0.00184471947194719,0.75880155467916,3
2014-12-01,-0.0639671641791045,0.646296006872534,3
2015-01-01,0.00938666666666667,0.66174923872371,3
2015-02-01,0.0258169082125604,0.704650466292132,3
2015-03-01,0.0240195792880259,0.745595453325606,3
2015-04-01,0.0929714513556619,0.907885996101133,3
2015-05-01,-0.133540845070422,0.653105287883762,3
2015-06-01,0.0045272435897436,0.660589298201506,3
2015-07-01,-0.0327808580858086,0.60615375607835,3
2015-08-01,-0.0412144927536232,0.539956943737254,3
2015-09-01,-3.18699186991809e-05,0.539907865434657,3
2015-10-01,0.0373358974358974,0.597401707559257,3
2015-11-01,-0.0222797448165869,0.561812005145256,3
2015-12-01,-0.0277222734254992,0.518515025699392,3
2016-01-01,-0.00644736048265456,0.508724611930381,3
2016-02-01,-0.0145641369047619,0.486751340130643,3
2016-03-01,-0.0221448888888889,0.453827396898043,3
2016-04-01,0.017040990990991,0.478602056471039,3
2016-05-01,-0.00333333333333334,0.473673382949469,3
2016-06-01,0.0270782738095238,0.513577914318782,3
2016-07-01,-0.0263258771929825,0.473731648024415,3
2016-08-01,-0.0183268115942029,0.446722845770658,3
2016-09-01,-0.0126184210526316,0.428467487756262,3
2016-10-01,0.00814753623188407,0.440105978368825,3
2016-11-01,-0.0520207792207792,0.365190543213576,3
2016-12-01,-0.0199199134199134,0.337996065791077,3
2017-01-01,0.00461666666666667,0.344173147628146,3
2017-02-01,0.0181112554112554,0.36851781082179,3
2017-03-01,0.00232624113475178,0.371701313246964,3
2017-04-01,0.00224177583697234,0.374776360106545,3
2017-05-01,0.00149753623188407,0.376835137516542,3
2017-06-01,0.0184204111600588,0.402197006849213,3
2017-07-01,0.016330303030303,0.425095308879244,3
2017-08-01,-0.0309833333333333,0.380941105892469,3
2017-09-01,-0.0247614184397163,0.346747045328861,3
2017-10-01,0.0402466666666666,0.40094912474653,3
2017-11-01,-0.0485822784810126,0.332887824230363,3
2017-12-01,0.0216666666666667,0.361767060422021,3
2018-01-01,0.0223594632768362,0.392215441001132,3
2018-02-01,0.02163,0.422329060989987,3
2018-03-01,-0.0209961432506887,0.392465636275823,3
2018-04-01,0.00207078189300411,0.395349128902054,3
2018-05-01,0.0042323570432357,0.401254744615535,3
2018-06-01,0.0050013774104683,0.408262948441567,3
2018-07-01,0.00537076502732241,0.415826397834331,3
2018-08-01,-0.010740243902439,0.400620076998079,3
2018-09-01,-0.0143305333333333,0.380548444297322,3
2018-10-01,-0.047434126984127,0.315063334082784,3
2018-11-01,-0.0201746719160105,0.288532362768888,3
2018-12-01,0.00481236979166666,0.294733256987062,3
2019-01-01,-0.0089966537966538,0.283084990114936,3
2019-02-01,-0.0628938697318008,0.202386809891818,3
2019-03-01,0.016920278833967,0.222731529981472,3
2019-04-01,0.0219798742138365,0.249607015207756,3
2019-05-01,0.000152434456928835,0.249797498374494,3
2019-06-01,0.0287268897149938,0.285700293276373,3
2019-07-01,0.00824740740740742,0.296303987398847,3
2019-08-01,0.0144614814814815,0.315050463506986,3
2019-09-01,0.00271074074074075,0.318615224374544,3
2019-10-01,0.03095,0.359426365568936,3
2019-11-01,-0.00781888888888888,0.348797161863927,3
2019-12-01,-0.0185085185185185,0.323832924615843,3
2020-01-01,0.0483377777777778,0.387824066340829,3
2020-02-01,0.0434327183271833,0.448101038101896,3
2020-03-01,-0.0256058608058608,0.411021164487436,3
2020-04-01,0.0880372121212121,0.535243534052936,3
2020-05-01,-0.00827087845968712,0.522545721376764,3
2020-06-01,0.0779354838709677,0.641206058887934,3
2020-07-01,-0.00093297746144719,0.639674850625401,3
2020-08-01,-0.0433829787234043,0.568540871467418,3
2020-09-01,0.0112574468085106,0.586198636894937,3
2020-10-01,-0.00692167255594817,0.575219489321659,3
2020-11-01,-0.066812558685446,0.469975044748898,3
2020-12-01,0.0997026806526807,0.616535497202907,3
2021-01-01,0.0421951388888889,0.684745437026202,3
2021-02-01,-0.0416974712643678,0.614495812578027,3
2021-03-01,-0.00481004566210045,0.606730013998257,3
2021-04-01,0.0809560864618885,0.736804587932411,3
2021-05-01,0.0139367346938776,0.761009972689534,3
2021-06-01,0.0279982993197279,0.810315257009922,3
2021-07-01,0.0309161581920904,0.866283249873195,3
2021-08-01,0.057978490990991,0.974487536462606,3
2021-09-01,-0.0664068232662193,0.843368091587381,3
2021-10-01,0.006175,0.854750889552933,3
2021-11-01,-0.0299300220750552,0.799238154484886,3
2021-12-01,-0.0492566885964911,0.710613640998498,3
2022-01-01,-0.0141969398907104,0.686328161961014,3
2022-02-01,0.0661114379084968,0.797813741533849,3
2022-03-01,-0.0069565359477124,0.785307185613577,3
2022-04-01,-0.00862450980392157,0.769909786288241,3
2022-05-01,0.0126434640522876,0.792287577046969,3
2022-06-01,-0.0449065359477124,0.71180215053967,3
2022-07-01,0.0367823018458197,0.774766173941144,3
2022-08-01,0.0251851731601732,0.81946396735067,3
2022-09-01,0.0376637634408602,0.887991827806135,3
2022-10-01,-0.0448487179487179,0.803317814831373,3
2022-11-01,-0.0178766454352442,0.771080541648573,3
2022-12-01,-0.034954852320675,0.709172682867226,3
2023-01-01,-0.024569610935857,0.667178975026983,3
2023-02-01,-0.0055943396226415,0.657852209628955,3
2023-03-01,-0.00264496855345912,0.653467242668204,3
2023-04-01,0.019590251572327,0.685859081918676,3
2023-05-01,0.0180858490566038,0.716349274804962,3
2023-06-01,-0.0152764150943396,0.690129610836172,3
2023-07-01,-0.031348427672956,0.637146704972953,3
2023-08-01,0.0276132075471698,0.682353576722537,3
2023-09-01,-0.00386069182389936,0.675858528023976,3
2023-10-01,-0.0495700104493208,0.592786203278244,3
2023-11-01,0.0311207291666667,0.64235487133087,3
2023-12-01,0.00101090342679126,0.644015133498306,3
2024-01-01,0.0403123188405797,0.710289195738627,3
2024-02-01,0.00562932098765434,0.719916962603157,3
2024-03-01,0.0116221881390593,0.73990616112609,3
2024-04-01,0.0253056910569106,0.783935688907562,3
2024-05-01,0.00750628019323672,0.797326410035217,3
2024-06-01,0.0482916666666667,0.884122297919834,3
2024-07-01,-0.0386258333333333,0.811346504060766,3
2024-08-01,0.0354252525252525,0.875513911377852,3
2024-09-01,-0.108759595959596,0.671533776159795,3
2024-10-01,-0.0134636363636364,0.649028853228044,3
2024-11-01,-0.0292545454545455,0.600787263685427,3
2024-12-01,0.0475449494949495,0.676896613289509,3
2001-11-01,0.000854761904761904,0.000854761904761858,6
2001-12-01,0.0126690476190476,0.0135346385430839,6
2002-01-01,0.0368868217054264,0.0509207100472964,6
2002-02-01,-0.00827701149425287,0.0422222272506865,6
2002-03-01,-0.0207433789954338,0.0206030165933604,6
2002-04-01,-0.0353143939393939,-0.0154389603903513,6
2002-05-01,0.00812643678160919,-0.0074379873443281,6
2002-06-01,-0.0193340823970037,-0.0266282630811487,6
2002-07-01,-0.00709138576779027,-0.0335308175631044,6
2002-08-01,0.00412888888888889,-0.0295403736942872,6
2002-09-01,0.0171911111111111,-0.0128570944296182,6
2002-10-01,0.00878555555555556,-0.00418449559145706,6
2002-11-01,0.0176022222222222,0.0133440702094765,6
2002-12-01,0.00902444444444446,0.0224889374741892,6
2003-01-01,-0.00663809523809525,0.0157015585273368,6
2003-02-01,0.0155827956989247,0.0315290284049476,6
2003-03-01,0.0383649122807018,0.071103549094701,6
2003-04-01,0.0560374570446736,0.131125468217493,6
2003-05-01,0.00192323232323232,0.1333008852796,6
2003-06-01,0.000582838283828382,0.133961416422637,6
2003-07-01,0.0312607843137255,0.169409939681512,6
2003-08-01,-0.0188421568627451,0.14737573416118,6
2003-09-01,0.0195872549019608,0.169849675134519,6
2003-10-01,0.0680470588235294,0.249454504793085,6
2003-11-01,-0.00397549019607843,0.244487310658833,6
2003-12-01,0.0643529411764706,0.324573729356525,6
2004-01-01,-0.00904705882352941,0.312590232910935,6
2004-02-01,-0.0372950980392157,0.263637051489205,6
2004-03-01,0.00183527508090615,0.265956173081113,6
2004-04-01,0.0149466666666667,0.284877998014765,6
2004-05-01,0.017906230529595,0.307885319649622,6
2004-06-01,0.0383984709480123,0.35810611609952,6
2004-07-01,0.0166009009009009,0.380651901145795,6
2004-08-01,-0.0154463126843658,0.359325920172433,6
2004-09-01,0.0377622807017544,0.410657167135155,6
2004-10-01,0.0721964912280702,0.512501664928042,6
2004-11-01,-0.0177289473684211,0.485686602515884,6
2004-12-01,0.0237377192982456,0.52095341405157,6
2005-01-01,0.037290350877193,0.577670300529418,6
2005-02-01,-0.0216736842105263,0.543476372647417,6
2005-03-01,0.0924768115942029,0.686212146360836,6
2005-04-01,0.078534188034188,0.81863744812867,6
2005-05-01,-0.0857755162241888,0.662642882190792,6
2005-06-01,0.0247011594202899,0.703712089082797,6
2005-07-01,0.0246366946778711,0.745685923640528,6
2005-08-01,-0.0660154269972452,0.630443721988318,6
2005-09-01,0.000691056910569099,0.631570451389692,6
2005-10-01,0.00266559139784946,0.635919551549902,6
2005-11-01,-0.0547460055096419,0.54635949076742,6
2005-12-01,0.0221563492063492,0.580621171643415,6
2006-01-01,-0.00255649717514124,0.57658031808314,6
2006-02-01,-0.0387912280701754,0.515422831393427,6
2006-03-01,0.0343854700854701,0.567531357829145,6
2006-04-01,0.0842390710382514,0.699578743236001,6
2006-05-01,0.00768044077134986,0.71263225710967,6
2006-06-01,-0.0450650137741047,0.635452460853047,6
2006-07-01,-0.00186748633879782,0.63239827572465,6
2006-08-01,0.00119153005464481,0.634343327331327,6
2006-09-01,-0.00496831955922866,0.626223387411652,6
2006-10-01,0.00102156862745098,0.627884686205459,6
2006-11-01,0.0623902298850575,0.729448786004182,6
2006-12-01,0.0630705014749262,0.838525988212668,6
2007-01-01,-0.0137240579710145,0.81329395096922,6
2007-02-01,-0.0697068452380952,0.686894950157835,6
2007-03-01,-0.0359818452380952,0.626197357128331,6
2007-04-01,-0.0326397101449275,0.573118746753215,6
2007-05-01,-0.00248492753623189,0.569209660661645,6
2007-06-01,0.0603189265536724,0.663862702930408,6
2007-07-01,-0.0073975,0.651554278585481,6
2007-08-01,0.046473002754821,0.72830696512392,6
2007-09-01,0.0588071038251366,0.829943692263669,6
2007-10-01,0.0288579234972678,0.882752067339322,6
2007-11-01,-0.0364077956989247,0.814205214719903,6
2007-12-01,-0.0139018666666667,0.788984375718896,6
2008-01-01,-0.0155682795698925,0.761132966811535,6
2008-02-01,-0.0379753968253968,0.694253243534578,6
2008-03-01,0.0018779487179487,0.697434964241154,6
2008-04-01,0.014725,0.722429694089606,6
2008-05-01,0.019401272264631,0.755847021541323,6
2008-06-01,0.0123156862745098,0.777471482604658,6
2008-07-01,0.00475288220551378,0.785919595185139,6
2008-08-01,-0.003542039800995,0.779593796897616,6
2008-09-01,-0.0151207407407408,0.752685020470897,6
2008-10-01,0.011819362745098,0.773400640505742,6
2008-11-01,-0.049224358974359,0.686106130772129,6
2008-12-01,0.0705209245742093,0.805011894044422,6
2009-01-01,-0.0542860911270983,0.70702485387883,6
2009-02-01,-0.0201310023310023,0.672660732566317,6
2009-03-01,-0.0964748858447489,0.511290979334987,6
2009-04-01,-0.0165490990990991,0.486280475150398,6
2009-05-01,-0.000721029082774043,0.485208823702655,6
2009-06-01,-0.0331193333333333,0.436019697600839,6
2009-07-01,-0.0216619047619048,0.404912775675191,6
2009-08-01,-0.00308963963963963,0.400572101473228,6
2009-09-01,0.0202601789709172,0.428947942910749,6
2009-10-01,0.028572,0.469775843535595,6
2009-11-01,0.000512000000000003,0.470528368767486,6
2009-12-01,-0.018602,0.443173600051673,6
2010-01-01,-0.0253766666666667,0.406550664661028,6
2010-02-01,-0.00389866666666667,0.401066992469736,6
2010-03-01,0.005382,0.408607535023208,6
2010-04-01,0.0293932017543859,0.450011020492894,6
2010-05-01,0.0197489177489178,0.478647168871632,6
2010-06-01,0.0239551282051282,0.514068351372102,6
2010-07-01,-0.0065331223628692,0.504176757566841,6
2010-08-01,0.0621677083333334,0.597687979513035,6
2010-09-01,0.0130376278118609,0.61851804074941,6
2010-10-01,-0.045090909090909,0.545537590911982,6
2010-11-01,0.0974333333333333,0.696124470186506,6
2010-12-01,-0.00304960784313725,0.690951955699288,6
2011-01-01,-0.046997480620155,0.611481473931698,6
2011-02-01,0.0187527619047619,0.641701202326274,6
2011-03-01,0.0122579047619048,0.661825019311894,6
2011-04-01,-0.0113871212121212,0.642901616383653,6
2011-05-01,0.00649646182495346,0.653574664016644,6
2011-06-01,0.0274852670349908,0.699023605219437,6
2011-07-01,-0.0165885245901639,0.670839310364985,6
2011-08-01,-0.021636231884058,0.634688643604929,6
2011-09-01,-0.0106881720430108,0.617216810145324,6
2011-10-01,-0.0218198924731183,0.581929313242233,6
2011-11-01,-0.00121290322580645,0.580010586075204,6
2011-12-01,0.0198376811594203,0.611354332310273,6
2012-01-01,-0.0206117753623189,0.578141458783594,6
2012-02-01,-0.00666390423572744,0.567624875231829,6
2012-03-01,0.0193225806451613,0.597915433304857,6
2012-04-01,-0.00844285714285715,0.584424461575097,6
2012-05-01,-0.0066412780656304,0.57390185815179,6
2012-06-01,0.0391297435897436,0.635488234296691,6
2012-07-01,0.0305287648054145,0.685417669943557,6
2012-08-01,-0.00380909090909091,0.678997760818954,6
2012-09-01,0.0191056951423785,0.711076180181897,6
2012-10-01,0.00555555555555555,0.720582158960685,6
2012-11-01,0.0168159203980099,0.749515331584004,6
2012-12-01,-0.0191518883415435,0.716008809301689,6
2013-01-01,0.0011328431372549,0.717952778104775,6
2013-02-01,0.017824154589372,0.748573833998956,6
2013-03-01,0.0521597756410257,0.839779052872109,6
2013-04-01,0.0178845295055821,0.872682635626952,6
2013-05-01,-0.0243011164274322,0.827174356866951,6
2013-06-01,0.0321857371794872,0.885983310498169,6
2013-07-01,0.0208524720893142,0.925310724841245,6
2013-08-01,-0.00601904761904763,0.913722187906962,6
2013-09-01,0.0567100323624595,1.02224943511592,6
2013-10-01,0.00109468599033816,1.02446316324151,6
2013-11-01,0.0157705314009662,1.05639002312751,6
2013-12-01,0.0186448165869218,1.0947310379399,6
2014-01-01,0.0871361904761905,1.27725792065822,6
2014-02-01,-0.0144627257799672,1.24432256382148,6
2014-03-01,-0.022485326953748,1.19385823718428,6
2014-04-01,0.00140952380952381,1.19695053260431,6
2014-05-01,0.0283149758454106,1.25915713386857,6
2014-06-01,0.0284086956521739,1.32333684131508,6
2014-07-01,-0.0458021346469622,1.21692305447892,6
2014-08-01,0.0273635313531353,1.27758589798764,6
2014-09-01,0.0130425120772947,1.30729133956922,6
2014-10-01,-0.0105531400966183,1.28294217081903,6
2014-11-01,-0.00017805280528052,1.28253568656122,6
2014-12-01,-0.0623004975124378,1.14033257769856,6
2015-01-01,0.0110533333333333,1.16399038712406,6
2015-02-01,0.027483574879227,1.22346457896651,6
2015-03-01,0.0256862459546925,1.28057703701339,6
2015-04-01,0.0946381180223285,1.49640655580128,6
2015-05-01,-0.131874178403756,1.16719499229323,6
2015-06-01,0.00619391025641027,1.18061840358364,6
2015-07-01,-0.0311141914191419,1.11277022516243,6
2015-08-01,-0.0395478260869565,1.02921475573601,6
2015-09-01,0.00163479674796749,1.03253210941962,6
2015-10-01,0.0390025641025641,1.11180607330777,6
2015-11-01,-0.0206130781499203,1.0682752496812,6
2015-12-01,-0.0260556067588326,1.01438508310649,6
2016-01-01,-0.00478069381598789,1.00475492479666,6
2016-02-01,-0.0128974702380952,0.97889865781942,6
2016-03-01,-0.0204782222222222,0.938374331349336,6
2016-04-01,0.0187076576576577,0.974636774752611,6
2016-05-01,-0.00166666666666667,0.971345713461357,6
2016-06-01,0.0287449404761905,1.0280119286528,6
2016-07-01,-0.0246592105263158,0.978002755554268,6
2016-08-01,-0.0166601449275362,0.945048942979668,6
2016-09-01,-0.0109517543859649,0.923747244687474,6
2016-10-01,0.00981420289855074,0.942627290472365,6
2016-11-01,-0.0503541125541125,0.844808017237229,6
2016-12-01,-0.0182532467532468,0.81113428128623,6
2017-01-01,0.00628333333333333,0.822514241686978,6
2017-02-01,0.0197779220779221,0.858559786344966,6
2017-03-01,0.00399290780141845,0.865980844215266,6
2017-04-01,0.003908442503639,0.873273923057773,6
2017-05-01,0.00316420289855073,0.879201341834892,6
2017-06-01,0.0200870778267254,0.916949005440417,6
2017-07-01,0.0179969696969697,0.951448278601964,6
2017-08-01,-0.0293166666666667,0.89423831990095,6
2017-09-01,-0.0230947517730496,0.850491356103839,6
2017-10-01,0.0419133333333333,0.928051617142671,6
2017-11-01,-0.046915611814346,0.837595895914783,6
2017-12-01,0.0233333333333333,0.880473133486128,6
2018-01-01,0.0240261299435028,0.925653625346532,6
2018-02-01,0.0232966666666667,0.970514935971688,6
2018-03-01,-0.019329476584022,0.932425913658358,6
2018-04-01,0.00373744855967078,0.939648256106031,6
2018-05-01,0.00589902370990237,0.951090287157671,6
2018-06-01,0.00666804407713497,0.964100243190908,6
2018-07-01,0.00703743169398908,0.977922464492512,6
2018-08-01,-0.00907357723577236,0.95997563224457,6
2018-09-01,-0.0126638666666667,0.935154762167909,6
2018-10-01,-0.0457674603174603,0.846587643382245,6
2018-11-01,-0.0185080052493438,0.812410989585153,6
2018-12-01,0.00647903645833333,0.824153666464159,6
2019-01-01,-0.00732998712998713,0.810782643565858,6
2019-02-01,-0.0612272030651342,0.699913486941431,6
2019-03-01,0.0185869455006337,0.731509686279004,6
2019-04-01,0.0236465408805032,0.772453900860587,6
2019-05-01,0.0018191011235955,0.775678173743164,6
2019-06-01,0.0303935563816605,0.82964734843251,6
2019-07-01,0.00991407407407409,0.847786607774304,6
2019-08-01,0.0161281481481482,0.877587983930652,6
2019-09-01,0.00437740740740742,0.885806951479569,6
2019-10-01,0.0326166666666666,0.947315688213661,6
2019-11-01,-0.00615222222222222,0.935335369362951,6
2019-12-01,-0.0168418518518519,0.902740737788491,6
2020-01-01,0.0500044444444445,0.997886231303417,6
2020-02-01,0.04509938499385,1.08798967162288,6
2020-03-01,-0.0239391941391941,1.03800488151327,6
2020-04-01,0.0897038787878788,1.22082182437364,6
2020-05-01,-0.00660421179302046,1.20615504669092,6
2020-06-01,0.0796021505376343,1.38176973282697,6
2020-07-01,0.000733689205219476,1.38351721156926,6
2020-08-01,-0.0417163120567376,1.28408566377883,6
2020-09-01,0.0129241134751773,1.31360544608454,6
2020-10-01,-0.00525500588928151,1.30144743583989,6
2020-11-01,-0.0651458920187793,1.15151758969776,6
2020-12-01,0.101369347319347,1.36961552351152,6
2021-01-01,0.0438618055555556,1.47355113884521,6
2021-02-01,-0.0400308045977012,1.37453289654368,6
2021-03-01,-0.00314337899543379,1.36706883971272,6
2021-04-01,0.0826227531285552,1.56264258409459,6
2021-05-01,0.0156034013605442,1.60262852487784,6
2021-06-01,0.0296649659863946,1.67983541154357,6
2021-07-01,0.0325828248587571,1.76715201940819,6
2021-08-01,0.0596451576576576,1.93219923786849,6
2021-09-01,-0.0647401565995526,1.7423682000278,6
2021-10-01,0.00784166666666666,1.76387293732968,6
2021-11-01,-0.0282633554083885,1.68575661419831,6
2021-12-01,-0.0475900219298245,1.55794139803044,6
2022-01-01,-0.0125302732240437,1.52588969342202,6
2022-02-01,0.0677781045751635,1.69708970920811,6
2022-03-01,-0.00528986928104574,1.68282245720715,6
2022-04-01,-0.00695784313725491,1.66415579938479,6
2022-05-01,0.0143101307189543,1.70228021712965,6
2022-06-01,-0.0432398692810457,1.58543397378021,6
2022-07-01,0.0384489685124864,1.6848412432292,6
2022-08-01,0.0268518398268399,1.75693417025288,6
2022-09-01,0.0393304301075269,1.86536557694706,6
2022-10-01,-0.0431820512820513,1.74163321366151,6
2022-11-01,-0.0162099787685775,1.69719139747683,6
2022-12-01,-0.0332881856540084,1.60740678949323,6
2023-01-01,-0.0229029442691903,1.54768949710636,6
2023-02-01,-0.00392767295597483,1.53768300596835,6
2023-03-01,-0.000978301886792452,1.53520038589553,6
2023-04-01,0.0212569182389937,1.58909093321798,6
2023-05-01,0.0197525157232704,1.64023199258534,6
2023-06-01,-0.013609748427673,1.60429909937556,6
2023-07-01,-0.0296817610062893,1.526998915919,6
2023-08-01,0.0292798742138365,1.60098912631561,6
2023-09-01,-0.00219402515723269,1.59528249073879,6
2023-10-01,-0.0479033437826541,1.47095978137182,6
2023-11-01,0.0327873958333334,1.55197611781191,6
2023-12-01,0.00267757009345792,1.55880921274418,6
2024-01-01,0.0419789855072464,1.66622542760178,6
2024-02-01,0.007295987654321,1.6856781754052,6
2024-03-01,0.013288854805726,1.72136776273306,6
2024-04-01,0.0269723577235773,1.79476946752691,6
2024-05-01,0.00917294685990338,1.82040573933821,6
2024-06-01,0.0499583333333333,1.96130850939932,6
2024-07-01,-0.0369591666666666,1.85186101464901,6
2024-08-01,0.0370919191919191,1.95764201295096,6
2024-09-01,-0.107092929292929,1.6408994659842,6
2024-10-01,-0.0117969696969697,1.60974485501124,6
2024-11-01,-0.0275878787878788,1.5377475302839,6
2024-12-01,0.0492116161616161,1.66263418765932,6
2001-11-01,0.00168809523809524,0.00168809523809532,12
2001-12-01,0.013502380952381,0.0152132694954648,12
2002-01-01,0.0377201550387597,0.0535072714182399,12
2002-02-01,-0.00744367816091954,0.0456653023496141,12
2002-03-01,-0.0199100456621005,0.0248460584325592,12
2002-04-01,-0.0344810606060606,-0.0104917206201363,12
2002-05-01,0.00895977011494252,-0.00162595391006048,12
2002-06-01,-0.0185007490636704,-0.0200966216084517,12
2002-07-01,-0.00625805243445693,-0.0262289083311276,12
2002-08-01,0.00496222222222222,-0.0213968397806906,12
2002-09-01,0.0180244444444445,-0.00375806148615998,12
2002-10-01,0.00961888888888889,0.00582467902685591,12
2002-11-01,0.0184355555555555,0.0243676157762043,12
2002-12-01,0.00985777777777779,0.0344656040952782,12
2003-01-01,-0.00580476190476191,0.0284607775648396,12
2003-02-01,0.0164161290322581,0.0453441223939604,12
2003-03-01,0.0391982456140351,0.0863197780547469,12
2003-04-01,0.0568707903780069,0.148099642435981,12
2003-05-01,0.00275656565656566,0.151264454480635,12
2003-06-01,0.00141617161716171,0.152894842524918,12
2003-07-01,0.0320941176470588,0.1898959852356,12
2003-08-01,-0.0180088235294118,0.168467358419137,12
2003-09-01,0.0204205882352941,0.192328149211796,12
2003-10-01,0.0688803921568627,0.27445617970917,12
2003-11-01,-0.0031421568627451,0.27045163847783,12
2003-12-01,0.0651862745098039,0.353267647735076,12
2004-01-01,-0.00821372549019608,0.342152278761816,12
2004-02-01,-0.0364617647058823,0.293215038174139,12
2004-03-01,0.00266860841423948,0.296666122706432,12
2004-04-01,0.01578,0.317127514122739,12
2004-05-01,0.0187395638629284,0.341809909289262,12
2004-06-01,0.0392318042813456,0.394451533033269,12
2004-07-01,0.0174342342342342,0.418762727688458,12
2004-08-01,-0.0146129793510325,0.398030377244732,12
2004-09-01,0.0385956140350877,0.451988218094198,12
2004-10-01,0.0730298245614035,0.558026662926842,12
2004-11-01,-0.0168956140350877,0.531702845773654,12
2004-12-01,0.0245710526315789,0.569338397013098,12
2005-01-01,0.0381236842105263,0.629167358480279,12
2005-02-01,-0.0208403508771929,0.59521493909188,12
2005-03-01,0.0933101449275362,0.744064676249115,12
2005-04-01,0.0793675213675214,0.882486766707655,12
2005-05-01,-0.0849421828908555,0.722584231480358,12
2005-06-01,0.0255344927536232,0.766569546056599,12
2005-07-01,0.0254700280112045,0.811564121878402,12
2005-08-01,-0.0651820936639119,0.693482579607941,12
2005-09-01,0.00152439024390243,0.696064107930514,12
2005-10-01,0.0034989247311828,0.701998508583423,12
2005-11-01,-0.0539126721763086,0.610239220945599,12
2005-12-01,0.0229896825396825,0.647258109448084,12
2006-01-01,-0.00172316384180791,0.644419613835759,12
2006-02-01,-0.0379578947368421,0.582000907230582,12
2006-03-01,0.0352188034188034,0.637717086190705,12
2006-04-01,0.0850724043715847,0.777041616393374,12
2006-05-01,0.00851377410468319,0.792170947289968,12
2006-06-01,-0.0442316804407713,0.712900214654204,12
2006-07-01,-0.00103415300546448,0.711128813749159,12
2006-08-01,0.00202486338797814,0.714593615836234,12
2006-09-01,-0.00413498622589532,0.707503794851743,12
2006-10-01,0.00185490196078431,0.71067104698886,12
2006-11-01,0.0632235632183908,0.818825766074031,12
2006-12-01,0.0639038348082596,0.935055707374232,12
2007-01-01,-0.0128907246376812,0.910111437091898,12
2007-02-01,-0.0688735119047619,0.778555354289927,12
2007-03-01,-0.0351485119047619,0.71604178024639,12
2007-04-01,-0.0318063768115942,0.661460708759434,12
2007-05-01,-0.00165159420289856,0.658716649884503,12
2007-06-01,0.0611522598870057,0.760150921537144,12
2007-07-01,-0.00656416666666666,0.748596997529688,12
2007-08-01,0.0473063360881543,0.831316714777564,12
2007-09-01,0.05964043715847,0.940537244222512,12
2007-10-01,0.0296912568306011,0.998154233930069,12
2007-11-01,-0.0355744623655914,0.927070971334477,12
2007-12-01,-0.0130685333333333,0.901886980109893,12
2008-01-01,-0.0147349462365591,0.873862777709962,12
2008-02-01,-0.0371420634920635,0.804263647444844,12
2008-03-01,0.00271128205128203,0.809155515087942,12
2008-04-01,0.0155583333333333,0.837302959643518,12
2008-05-01,0.0202346055979644,0.874480060395877,12
2008-06-01,0.0131490196078431,0.899127635464534,12
2008-07-01,0.00558621553884711,0.90973657177202,12
2008-08-01,-0.00270870646766167,0.904563655968531,12
2008-09-01,-0.0142874074074074,0.877352379082367,12
2008-10-01,0.0126526960784314,0.901105948167017,12
2008-11-01,-0.0483910256410256,0.80910948148296,12
2008-12-01,0.0713542579075426,0.938197146007676,12
2009-01-01,-0.053452757793765,0.834595163405561,12
2009-02-01,-0.019297668997669,0.799191753197436,12
2009-03-01,-0.0956415525114156,0.627114260655898,12
2009-04-01,-0.0157157657657658,0.601542914061292,12
2009-05-01,0.00011230425055929,0.601722774137995,12
2009-06-01,-0.032286,0.550009552652175,12
2009-07-01,-0.0208285714285714,0.517725067969792,12
2009-08-01,-0.0022563063063063,0.514300615327692,12
2009-09-01,0.0210935123042505,0.546242533989441,12
2009-10-01,0.0294053333333333,0.591710311115579,12
2009-11-01,0.00134533333333334,0.593851692054133,12
2009-12-01,-0.0177686666666667,0.56553107262192,12
2010-01-01,-0.0245433333333333,0.527107721662869,12
2010-02-01,-0.00306533333333334,0.522426627460066,12
2010-03-01,0.00621533333333333,0.531889016425272,12
2010-04-01,0.0302265350877193,0.578192713530743,12
2010-05-01,0.0205822510822511,0.610675472216812,12
2010-06-01,0.0247884615384616,0.650601639210801,12
2010-07-01,-0.00569978902953587,0.641193558095493,12
2010-08-01,0.0630010416666667,0.744590461832133,12
2010-09-01,0.0138709611451943,0.768789608342483,12
2010-10-01,-0.0442575757575757,0.690507268252053,12
2010-11-01,0.0982666666666667,0.856627782478954,12
2010-12-01,-0.00221627450980392,0.852512985650453,12
2011-01-01,-0.0461641472868217,0.766993303330135,12
2011-02-01,0.0195860952380952,0.801601802454236,12
2011-03-01,0.0130912380952381,0.825187000602975,12
2011-04-01,-0.0105537878787878,0.80592436415949,12
2011-05-01,0.00732979515828679,0.819161419820138,12
2011-06-01,0.0283186003683241,0.870677525073498,12
2011-07-01,-0.0157551912568306,0.841204642886111,12
2011-08-01,-0.0208028985507246,0.802902249489028,12
2011-09-01,-0.00985483870967742,0.785134938610999,12
2011-10-01,-0.0209865591397849,0.747671098649342,12
2011-11-01,-0.000379569892473115,0.74700773531835,12
2011-12-01,0.0206710144927536,0.783120157534068,12
2012-01-01,-0.0197784420289855,0.747852818867565,12
2012-02-01,-0.0058305709023941,0.737661839080208,12
2012-03-01,0.0201559139784946,0.772686001632422,12
2012-04-01,-0.00760952380952381,0.75919670529619,12
2012-05-01,-0.00580794473229707,0.74897938805859,12
2012-06-01,0.0399630769230769,0.818873985880452,12
2012-07-01,0.0313620981387479,0.87591769032765,12
2012-08-01,-0.00297575757575758,0.87033541404916,12
2012-09-01,0.0199390284757119,0.907628085129019,12
2012-10-01,0.00638888888888888,0.919815709006232,12
2012-11-01,0.0176492537313433,0.953699023571901,12
2012-12-01,-0.0183185550082102,0.917910080539113,12
2013-01-01,0.00196617647058824,0.921681030212173,12
2013-02-01,0.0186574879227053,0.957534770824648,12
2013-03-01,0.052993108974359,1.06127062425606,12
2013-04-01,0.0187178628389155,1.09985320507477,12
2013-05-01,-0.0234677830940989,1.05057430552862,12
2013-06-01,0.0330190705128205,1.11828236311465,12
2013-07-01,0.0216858054226476,1.16421902227138,12
2013-08-01,-0.0051857142857143,1.15299600077017,12
2013-09-01,0.0575433656957929,1.27688663698407,12
2013-10-01,0.00192801932367149,1.28127651841799,12
2013-11-01,0.0166038647342995,1.31915452515133,12
2013-12-01,0.0194781499202552,1.36432736468047,12
2014-01-01,0.0879695238095238,1.57231611708124,12
2014-02-01,-0.0136293924466338,1.53725701122473,12
2014-03-01,-0.0216519936204147,1.48232033860434,12
2014-04-01,0.00224285714285715,1.48788782850664,12
2014-05-01,0.0291483091787439,1.56040555213399,12
2014-06-01,0.0292420289855072,1.63527700550414,12
2014-07-01,-0.0449688013136289,1.51677175743725,12
2014-08-01,0.0281968646864686,1.58773683012844,12
2014-09-01,0.013875845410628,1.62364386634669,12
2014-10-01,-0.00971980676328501,1.59814255495012,12
2014-11-01,0.000655280528052813,1.59984506717548,12
2014-12-01,-0.0614671641791045,1.44003996359117,12
2015-01-01,0.0118866666666667,1.46904390529173,12
2015-02-01,0.0283169082125604,1.53895959493065,12
2015-03-01,0.0265195792880259,1.60629173521751,12
2015-04-01,0.0954714513556618,1.85511818983499,12
2015-05-01,-0.131040845070422,1.48098108946308,12
2015-06-01,0.0070272435897436,1.49841554792029,12
2015-07-01,-0.0302808580858086,1.42276138127433,12
2015-08-01,-0.0387144927536232,1.32896540333523,12
2015-09-01,0.00246813008130082,1.33471359290551,12
2015-10-01,0.0398358974358974,1.42771900413469,12
2015-11-01,-0.0197797448165869,1.37969934174653,12
2015-12-01,-0.0252222734254992,1.31967791427852,12
2016-01-01,-0.00394736048265456,1.31052130934721,12
2016-02-01,-0.0120641369047619,1.28264686394987,12
2016-03-01,-0.0196448888888889,1.23780451993501,12
2016-04-01,0.019540990990991,1.28153343789866,12
2016-05-01,-0.000833333333333338,1.27963216003374,12
2016-06-01,0.0295782738095238,1.34705974424821,12
2016-07-01,-0.0238258771929825,1.29113898701716,12
2016-08-01,-0.0158268115942029,1.25487756193351,12
2016-09-01,-0.0101184210526316,1.23206176133974,12
2016-10-01,0.0106475362318841,1.2558277198154,12
2016-11-01,-0.0495207792207792,1.14411737334231,12
2016-12-01,-0.0174199134199134,1.10676703433655,12
2017-01-01,0.00711666666666667,1.12176019306425,12
2017-02-01,0.0206112554112554,1.16549233432493,12
2017-03-01,0.00482624113475178,1.17594352250584,12
2017-04-01,0.00474177583697234,1.18626135892347,12
2017-05-01,0.00399753623188407,1.19500101791814,12
2017-06-01,0.0209204111600588,1.24092134170973,12
2017-07-01,0.018830303030303,1.2831185696412,12
2017-08-01,-0.0284833333333333,1.21808774238259,12
2017-09-01,-0.0222614184397163,1.1687099630134,12
2017-10-01,0.0427466666666666,1.26141508489902,12
2017-11-01,-0.0460822784810126,1.15720392519554,12
2017-12-01,0.0241666666666667,1.20933635338776,12
2018-01-01,0.0248594632768362,1.26425926933099,12
2018-02-01,0.02413,1.31889584549994,12
2018-03-01,-0.0184961432506887,1.27600521575815,12
2018-04-01,0.00457078189300411,1.28640833918672,12
2018-05-01,0.0067323570432357,1.30180125647275,12
2018-06-01,0.0075013774104683,1.31906793642145,12
2018-07-01,0.00787076502732241,1.33732077523142,12
2018-08-01,-0.00824024390243903,1.31806068196527,12
2018-09-01,-0.0118305333333333,1.29063678779859,12
2018-10-01,-0.044934126984127,1.18770902350114,12
2018-11-01,-0.0176746719160105,1.14904198426306,12
2018-12-01,0.00731236979166666,1.16475657394981,12
2019-01-01,-0.0064966537966538,1.15069289993483,12
2019-02-01,-0.0603938697318008,1.02080423310305,12
2019-03-01,0.019420278833967,1.06004881477878,12
2019-04-01,0.0244798742138365,1.11047855063892,12
2019-05-01,0.00265243445692883,1.11607645666725,12
2019-06-01,0.0312268897149938,1.18215494280809,12
2019-07-01,0.0107474074074074,1.20560745100454,12
2019-08-01,0.0169614814814815,1.24301782094017,12
2019-09-01,0.00521074074074075,1.25470560528195,12
2019-10-01,0.03345,1.33012550777863,12
2019-11-01,-0.00531888888888888,1.31773182910559,12
2019-12-01,-0.0160085185185185,1.28062837619839,12
2020-01-01,0.0508377777777778,1.39657045478126,12
2020-02-01,0.0459327183271833,1.50665145043198,12
2020-03-01,-0.0231058608058608,1.44873311092949,12
2020-04-01,0.0905372121212121,1.67043458002195,12
2020-05-01,-0.00577087845968712,1.6550238266261,12
2020-06-01,0.0804354838709677,1.86858195280971,12
2020-07-01,0.00156702253855281,1.87307708538345,12
2020-08-01,-0.0408829787234043,1.75561713603102,12
2020-09-01,0.0137574468085106,1.79352739220459,12
2020-10-01,-0.00442167255594817,1.78117532880019,12
2020-11-01,-0.064312558685446,1.60231082725221,12
2020-12-01,0.102202680652681,1.86827396968888,12
2021-01-01,0.0446951388888889,1.99647187313551,12
2021-02-01,-0.0391974712643678,1.8790177529938,12
2021-03-01,-0.00231004566210045,1.87236709052238,12
2021-04-01,0.0834560864618885,2.1120836067793,12
2021-05-01,0.0164367346938776,2.1632360993691,12
2021-06-01,0.0304982993197279,2.25970942074663,12
2021-07-01,0.0334161581920904,2.36863638641054,12
2021-08-01,0.060478490990991,2.572366431758,12
2021-09-01,-0.0639068232662193,2.34406784156146,12
2021-10-01,0.008675,2.37307763008701,12
2021-11-01,-0.0274300220750552,2.28055403623285,12
2021-12-01,-0.0467566885964911,2.12716619273675,12
2022-01-01,-0.0116969398907104,2.09058791775204,12
2022-02-01,0.0686114379084968,2.30263759877164,12
2022-03-01,-0.0044565359477124,2.28791927559045,12
2022-04-01,-0.00612450980392157,2.26778238175259,12
2022-05-01,0.0151434640522876,2.31726792678136,12
2022-06-01,-0.0424065359477124,2.17659408519611,12
2022-07-01,0.0392823018458197,2.30137801289243,12
2022-08-01,0.0276851731601732,2.39277723484655,12
2022-09-01,0.0401637634408602,2.52904393711446,12
2022-10-01,-0.0423487179487179,2.37959345079297,12
2022-11-01,-0.0153766454352442,2.32762664058485,12
2022-12-01,-0.032454852320675,2.21962900938632,12
2023-01-01,-0.022069610935857,2.14857304979137,12
2023-02-01,-0.0030943396226415,2.13883029544862,12
2023-03-01,-0.000144968553459118,2.13837526376113,12
2023-04-01,0.022090251572327,2.20770276286599,12
2023-05-01,0.0205858490566038,2.2737360477608,12
2023-06-01,-0.0127764150943396,2.2319094371053,12
2023-07-01,-0.028848427672956,2.13867393146342,12
2023-08-01,0.0301132075471698,2.23318947098447,12
2023-09-01,-0.00136069182389936,2.22879009650619,12
2023-10-01,-0.0470700104493208,2.07681091292498,12
2023-11-01,0.0336207291666667,2.18025553932547,12
2023-12-01,0.00351090342679126,2.19142110939656,12
2024-01-01,0.0428123188405797,2.3280532474866,12
2024-02-01,0.00812932098765434,2.35510806059943,12
2024-03-01,0.0141221881390593,2.40248952785809,12
2024-04-01,0.0278056910569106,2.49709810049408,12
2024-05-01,0.0100062801932367,2.53209104395087,12
2024-06-01,0.0507916666666667,2.71149183489154,12
2024-07-01,-0.0361258333333333,2.57741109944622,12
2024-08-01,0.0379252525252525,2.71308531877936,12
2024-09-01,-0.106259595959596,2.31853437304235,12
2024-10-01,-0.0109636363636364,2.28215116891609,12
2024-11-01,-0.0267545454545455,2.19433870627863,12
2024-12-01,0.0500449494949495,2.35419922550411,12
